Day,Platform,Format,Hook,Core Scene,CTA,Repurpose
1,TikTok,Demo,"The fur was hiding in the brush, not the sofa.",Brush pass on shedding dog,Join first batch,Reels Shorts Facebook
2,Instagram Reel,Before after,"One grooming session before vacuuming the living room.",Sofa before and after,View grooming kit,TikTok Shorts
3,YouTube Shorts,Explainer,"Do not start with the brush. Start with the sound.",Quiet-start step one,Read quiet-start guide,TikTok Reels
4,TikTok,Unboxing,"Everything in a pet grooming vacuum kit.",Flatlay of attachments,See what is included,Reels Pinterest
5,X,Thread,"Pet grooming vacuum vs de-shedding brush: the real difference.",Comparison bullets,Read comparison guide,Blog section
6,Facebook Reel,Demo,"Golden retriever homes know this pile.",Dust cup reveal,Join first batch,TikTok Shorts
7,TikTok,FAQ,"Will a nervous dog tolerate this?",Owner rewards calm pet,Read quiet-start guide,Reels
8,Instagram Carousel,Guide,"4 steps before using suction near a pet.",Quiet-start infographic,Save this guide,Pinterest
9,YouTube Shorts,Demo,"One short pass, one visible fur cup.",Brush shoulder area,View FurQuiet,TikTok
10,TikTok,Myth busting,"A grooming vacuum does not stop shedding.",Owner explains safe claim,Read FAQ,Reels X
11,Facebook Post,Education,"What to check before buying a grooming vacuum.",Checklist graphic,View product page,X
12,TikTok,Cat angle,"For cats, tolerance matters more than speed.","Tool off, sniff, short contact",Read cat guide,Reels
13,Instagram Reel,Apartment angle,"Small homes show pet hair faster.",Rug and sofa reset,Read apartment guide,TikTok
14,YouTube Shorts,Kit tour,"What each attachment is for.",Attachment closeups,See kit,TikTok Reels
15,TikTok,Breed angle,"Husky shedding needs repeatable routines.",Undercoat brush pass,Read husky guide,Shorts
16,X,Thread,"10 search questions FurQuiet should answer.",FAQ list,Visit guide hub,Blog
17,TikTok,ASMR cleanup,"The fur cup sound after brushing.",Empty dust cup safely,Join first batch,Reels
18,Instagram Reel,Objection,"How loud is too loud for a nervous pet?",Distance and low setting,Read quiet-start guide,Shorts
19,Facebook Reel,Before after,"Pet hair on the sofa before brushing.",Before after sofa,View kit,TikTok
20,TikTok,Comparison,"Brush only vs vacuum kit.",Same fur pile comparison,Read comparison guide,Shorts
21,YouTube Shorts,FAQ,"Does it replace a groomer?",Owner answers no,Read FAQ,TikTok X
22,Instagram Carousel,Guide,"Best pets for a grooming vacuum.",Breed and coat cards,Save this,Pinterest
23,TikTok,Demo,"The dust cup is the proof.",Fur cup closeup,Join first batch,Reels
24,Facebook Post,Education,"How to clean the dust cup and filter.",Care checklist,View product page,Blog
25,TikTok,Cat angle,"Long-hair cat owners: start with the tool off.",Quiet intro,Read cat guide,Reels
26,YouTube Shorts,Breed angle,"Corgi shedding cleanup in one routine.",Brush pass and floor reset,View kit,TikTok
27,Instagram Reel,UGC prompt,"Show us the fur cup after one brush pass.",Creator challenge,Join list,TikTok
28,X,Thread,"Claims FurQuiet should never make.",Trust and compliance thread,Read FAQ,Docs
29,TikTok,Offer,"First-batch list gets sample notes before the checkout push.",Product hero and guide,Join first batch,Reels
30,YouTube Shorts,Compilation,"30 seconds of calmer grooming proof.",Best clips montage,View FurQuiet,Facebook Reels
