Checked At,Surface,URL,Observed Evidence,Status,Next Action
2026-06-01 20:15 CST,Homepage,https://wxat5u-e3.myshopify.com/,"HTTP 200; Shopify.theme role is main; theme name is shopify-water-shoes-theme/main; FurQuiet hero and product proof images render",verified,"Keep homepage CTA on #first-batch until Shopify pages are created"
2026-06-01 20:15 CST,Product page,https://wxat5u-e3.myshopify.com/products/furquiet-grooming-vacuum-kit,"HTTP 200; product id 8964334616745; variant id 47135243665577; price USD 89.00; Add to cart button renders",verified,"Upload native product media and set vendor/SKU from product import CSV"
2026-06-01 20:15 CST,Product media,https://wxat5u-e3.myshopify.com/products/furquiet-grooming-vacuum-kit,"Shopify product native image is null, but theme fallback gallery renders furquiet-product-hero-ai.jpg, furquiet-kit-flatlay-ai.jpg, furquiet-grooming-lifestyle-ai.jpg, and furquiet-clean-home-ai.jpg",partial,"Enable Codex Chrome Extension file URL access or import data/furquiet-shopify-product-import.csv"
2026-06-01 20:15 CST,Product share links,https://wxat5u-e3.myshopify.com/products/furquiet-grooming-vacuum-kit,"Pinterest share and data-product-meta emitted Liquid error when product.featured_media was blank",fixed in theme,"Push fallback image fix, then re-check live product HTML after GitHub theme sync"
2026-06-01 20:15 CST,Pages,https://admin.shopify.com/store/wxat5u-e3/pages/new,"Custom templates are available in the Shopify page template dropdown, but Chrome automation could not save new pages because Shopify's title web component kept the form value empty",blocked by admin UI automation,"Create pages manually in Shopify admin or use an Admin API token later; homepage now has first-batch form as a live conversion fallback"
2026-06-01 20:24 CST,GitHub sync,https://admin.shopify.com/store/wxat5u-e3/themes,"Shopify GitHub integration log showed 6 successful theme file updates, 2 ignored non-theme files, and 0 failures at 2026-06-01 05:16 GMT-7",verified,"Re-run storefront verifier until public storefront reflects the updated Liquid and homepage template"
2026-06-01 20:24 CST,Storefront cache,https://wxat5u-e3.myshopify.com/,"Public homepage still returned old /pages/first-batch links and no first-batch anchor despite Theme Editor showing First batch launch",stale,"Use scripts/verify_furquiet_storefront.py to confirm when Shopify storefront cache/render state updates"
2026-06-01 20:24 CST,Storefront cache,https://wxat5u-e3.myshopify.com/products/furquiet-grooming-vacuum-kit,"Public product page still returned Liquid error for Pinterest media and data-product-meta image after the GitHub sync log reported success",stale,"Recheck after cache invalidation or force a theme-editor save/publish cycle"
2026-06-01 20:46 CST,GitHub push,https://github.com/kboogie593/shopify-water-shoes-theme/commit/afa1df7,"Pushed filter-care GEO guide template plus guide hub, llms, social caption, and backlog updates",verified,"Create the Shopify page handle clean-pet-grooming-vacuum-filter after Admin/API access is available"
2026-06-01 20:46 CST,Storefront verifier,https://wxat5u-e3.myshopify.com/,"scripts/verify_furquiet_storefront.py still failed 5 checks after commit afa1df7; homepage and product page continue to return old storefront HTML",stale,"Complete Shopify CLI authorization or use Theme Access/Admin API token to push current theme files directly"
2026-06-01 20:46 CST,Shopify CLI,https://accounts.shopify.com/activate-with-code,"shopify theme push required device authorization and Shopify Accounts returned Too Many Requests / hCaptcha before authorization could complete",blocked by Shopify account challenge,"User must complete the human check or provide Theme Access/Admin API token before CLI live theme push can proceed"
2026-06-02 00:58 CST,Shopify pages,https://admin.shopify.com/store/wxat5u-e3/pages/new,"Admin UI still accepted injected title text visually but did not mark the form dirty; Shopify CLI generated a fresh device code and redirected to Shopify Accounts login; no page object was created",blocked by Shopify account login,"Use scripts/create_furquiet_shopify_pages.py with an Admin API token that has read_online_store_pages and write_online_store_pages access"
