title,handle,template_suffix,body
First Batch,first-batch,first-batch,<p>Join the FurQuiet first batch for sample QA updates and launch access.</p>
Sample QA Log,sample-qa-log,sample-qa-log,<p>Public FurQuiet sample QA notes and launch proof gates.</p>
Grooming Guides,grooming-guides,grooming-guides,<p>FurQuiet guide hub for quiet-start grooming routines and buyer questions.</p>
Routine Finder,routine-finder,routine-finder,<p>Find the right FurQuiet grooming routine by pet type, home, and temperament.</p>
Quiet Start Guide,quiet-start-guide,quiet-start-guide,<p>Quiet-start grooming steps for cautious pets and first-time grooming vacuum users.</p>
Pet Grooming Vacuum for Shedding Dogs,pet-grooming-vacuum-for-shedding-dogs,pet-grooming-vacuum-for-shedding-dogs,<p>FurQuiet guide for shedding dog homes comparing grooming vacuum routines and care steps.</p>
Husky Grooming Vacuum Guide,husky-grooming-vacuum,husky-grooming-vacuum,<p>Husky coat routine and FurQuiet grooming vacuum guide.</p>
Golden Retriever Shedding Vacuum,golden-retriever-shedding-vacuum,golden-retriever-shedding-vacuum,<p>Golden retriever shedding routine and FurQuiet grooming vacuum guide.</p>
German Shepherd Grooming Vacuum,german-shepherd-grooming-vacuum,german-shepherd-grooming-vacuum,<p>German shepherd shedding routine and FurQuiet grooming vacuum guide.</p>
Corgi Shedding Vacuum,corgi-shedding-vacuum,corgi-shedding-vacuum,<p>Corgi shedding routine and FurQuiet grooming vacuum guide.</p>
Long-Hair Cat Grooming Vacuum,long-hair-cat-grooming-vacuum,long-hair-cat-grooming-vacuum,<p>Long-hair cat grooming vacuum routine and cautious introduction guide.</p>
Apartment Pet Hair Control,apartment-pet-hair-control,apartment-pet-hair-control,<p>Apartment pet hair control plan for small homes and shared spaces.</p>
Pet Grooming Vacuum vs De-shedding Brush,pet-grooming-vacuum-vs-deshedding-brush,pet-grooming-vacuum-vs-deshedding-brush,<p>Compare a pet grooming vacuum with a de-shedding brush for different home routines.</p>
Clean Pet Grooming Vacuum Filter,clean-pet-grooming-vacuum-filter,clean-pet-grooming-vacuum-filter,<p>Filter cleaning and care guidance for pet grooming vacuum kits.</p>
Pet Grooming Vacuum Kit Contents,pet-grooming-vacuum-kit-contents,pet-grooming-vacuum-kit-contents,<p>What comes in a pet grooming vacuum kit and what first-batch buyers should verify.</p>
Pet Grooming Vacuum Noise,pet-grooming-vacuum-noise,pet-grooming-vacuum-noise,<p>How to think about pet grooming vacuum noise before introducing the tool to a cautious pet.</p>
Pet Grooming Vacuum Buying Checklist,pet-grooming-vacuum-buying-checklist,pet-grooming-vacuum-buying-checklist,<p>A buyer checklist for pet grooming vacuum kits before checkout.</p>
llms,llms,llms,FurQuiet AI-readable product and guide brief.
